{"Newman_10": [3.415302857142857, 0.9194754210526316, 1.6836860714285713, 0.6685898846153848, 1.838002727272727, 1.1325767647058824, 0.685186375, 1.181106, 1.8908040000000004, 0.6935355588235295], "Newman_20": [2.947752272727273, 0.744521122891566, 1.4504060493827164, 0.8381694430379745, 1.2376081126760559, 1.2425148823529415, 0.6074484805555554, 1.9976576666666668, 1.4437717287671232, 0.5891209567567568], "Newman_50": [2.900968326530612, 0.6257395719827583, 1.0794163943712576, 0.7203532448795177, 1.47766358120482, 1.1189856194444445, 0.5099713882766996, 4.223815472222224, 0.970171708490566, 0.5285896687671233], "Newman_100": [2.6124771335616446, 0.521383653051742, 0.8357965595052269, 0.6150302344680068, 1.5346216450894428, 1.0342836668290147, 0.5214170310615285, 2.757588239108913, 0.9414809368625685, 0.538732884630127], "$PPMI, \\phi_u \\phi_v$": [0.0840393780065916, 0.11790831877235604, 0.16795675002765198, 0.09902807947132013, 0.2733021490082006, 0.12339153816928007, 0.11572849868126865, 0.0632766143489367, 0.1627278309012181, 0.08938233482726518], "$PMI, \\phi_u \\phi_v$": [0.08355109221870352, -0.04584699635114534, 0.0717969662898295, 0.010931235408307956, 0.18965201432914974, 0.07846828496679777, -0.05474050943251829, 0.05588006681891272, 0.10491761854284339, -0.0042123865524871735], "$NPMI, \\phi_u \\phi_v$": [-0.0047364818094806785, 0.0034916033235895174, -0.003796154558231782, -0.00010040691436698226, -0.010679910721178907, -0.004320689364625698, 0.004011940471507261, -0.003128441213519425, -0.005747067227223415, 0.000721309511436439], "$PMI2, \\phi_u \\phi_v$": [-0.2203694123323244, -4.9342186344256085, -3.706891160914653, -2.787072322607335, -4.359862798851571, -2.0786472097272917, -4.918548432124329, -0.4677084223052348, -2.508602334204608, -3.1110358810670977], "$PMI3, \\phi_u \\phi_v$": [-0.5242899168833336, -9.822590272500241, -7.48557928811918, -5.585075880623105, -8.909377612031987, -4.2357627044214885, -9.7823563548161, -0.9912969114293724, -5.122122286951967, -6.217859375581742], "$PPMI, \\sqrt{\\phi_u \\phi_v}$": [0.011761978138139326, 0.028410340439267073, 0.02719408508706327, 0.02288013343819871, 0.05627949429366472, 0.027258156442823124, 0.035892212738612365, 0.012779690762717991, 0.02751249139530476, 0.027492210998746602], "$PMI, \\sqrt{\\phi_u \\phi_v}$": [0.01149586755439678, 0.005143942985258816, 0.011127834664712335, 0.007826829527568864, 0.02890234345075629, 0.016993667697473236, 0.006825247314194385, 0.00940232727762418, 0.014639344880260996, 0.0081097659174658], "$NPMI, \\sqrt{\\phi_u \\phi_v}$": [-0.0006419074996541149, -0.00017950787650611, -0.0005689716458221878, -0.00036692686018876327, -0.001544214670467219, -0.000917275562833414, -0.0002507562678758686, -0.000516664317286416, -0.0007628563177441049, -0.00036645575969545364], "$PMI2, \\sqrt{\\phi_u \\phi_v}$": [-0.047640303933333614, -0.874082691760477, -0.6307248526071715, -0.5782803597706366, -1.1751705336153997, -0.4802954194245059, -1.072217738701944, -0.1817576595184286, -0.5409715968407787, -0.7696666305534413], "$PMI3, \\sqrt{\\phi_u \\phi_v}$": [-0.10677647542106541, -1.7533093265061717, -1.272577539879015, -1.164387549068843, -2.3792434106815676, -0.977584506546478, -2.151260724718093, -0.3729176463144809, -1.0965825385618162, -1.5474430270242943], "$PPMI, [\\phi_u > 0][\\phi_v > 0] (\\phi_u + \\phi_v)$": [0.007649784752341473, 0.017819223188114984, 0.017419300370448823, 0.01602539533893598, 0.023179042375929375, 0.016605471065345875, 0.0192394870717163, 0.007546661496442395, 0.016946513396626266, 0.014315247839684474], "$PMI, [\\phi_u > 0][\\phi_v > 0] (\\phi_u + \\phi_v)$": [0.007168353278467588, 0.007469406620816428, 0.008958028432833026, 0.007760111988916503, 0.013114090700299693, 0.01037692962189015, 0.008832539842515539, 0.005336010328828847, 0.00942115921733034, 0.006780947862677746], "$NPMI, [\\phi_u > 0][\\phi_v > 0] (\\phi_u + \\phi_v)$": [-0.0003980172138752572, -0.00037122234724604907, -0.00047238893782386557, -0.0003954378259917688, -0.0007041590388253535, -0.0005590012042026427, -0.0004473476972520327, -0.0002915451248185381, -0.000496648200897699, -0.00034593589943584494], "$PMI2, [\\phi_u > 0][\\phi_v > 0] (\\phi_u + \\phi_v)$": [-0.05377559235994492, -0.4361244194838581, -0.3540528509727752, -0.3511503894379071, -0.44165442384076115, -0.2889234393917439, -0.44110463150391804, -0.11799880269489853, -0.3259763736176915, -0.3298984748415732], "$PMI3, [\\phi_u > 0][\\phi_v > 0] (\\phi_u + \\phi_v)$": [-0.11471953799835868, -0.8797182455884975, -0.71706373037836, -0.7100608908647412, -0.8964229383817846, -0.5882238084053754, -0.8910418028503401, -0.2413336157186252, -0.6613739064527159, -0.6665778975458191], "$PPMI, [\\phi_u \\phi_v] > \\varepsilon$": [0.002729159629183017, 0.005254076237141084, 0.0050289029008384325, 0.004943947487945315, 0.011169553948352564, 0.006140231177659017, 0.0077289546709042155, 0.0036890008029404663, 0.005587414522971782, 0.006604360206024813], "$PMI, [\\phi_u \\phi_v] > \\varepsilon$": [0.0025630295102226975, 0.003381182630226875, 0.003188700478735194, 0.0032504976475442814, 0.0062285164534300035, 0.004326468255206563, 0.0051478949791097855, 0.002390216835111146, 0.003506887823014813, 0.004215454203461161], "$NPMI, [\\phi_u \\phi_v] > \\varepsilon$": [-0.00014171847163053732, -0.0001808546988203817, -0.0001712485401087459, -0.0001744836806319119, -0.00033030430278574777, -0.00023402206931757153, -0.0002765222956560492, -0.0001288005819428171, -0.0001871420740084823, -0.00022554388301941793], "$PMI2, [\\phi_u \\phi_v] > \\varepsilon$": [-0.01940376850242481, -0.09812522418535986, -0.09301540949050552, -0.088132425056406, -0.23662844235301075, -0.09604905274001527, -0.13786425780239275, -0.06818545068492511, -0.10441652657946032, -0.12429897777106168], "$PMI3, [\\phi_u \\phi_v] > \\varepsilon$": [-0.041370566515072205, -0.1996316310009503, -0.18921951945974747, -0.1795153477603559, -0.4794854011594464, -0.19642457373523683, -0.28087641058388935, -0.13876111820496193, -0.212339940981936, -0.25281340974558353]}